actual,proposed
0.0,0.0
0.0,0.0
0.0,0.0
0.0,0.0
0.0,0.0
0.0,0.0
0.0,0.0
0.0,0.0
0.0,0.0
0.0,0.0
0.0,0.0
0.0,0.0
0.0,0.0
0.0,0.0
0.0,0.0
0.0,0.0
0.0,0.0
0.0,0.0
0.0,0.0
0.0,0.0
0.0,0.0
0.0,0.0
0.0,0.0
0.0,0.0
0.0,0.0
0.0,0.0
0.0,0.0
0.0,0.0
0.0,0.0
0.0,0.0
0.0,0.0
0.0,0.0
0.0,0.0
0.0,0.0
0.0,0.0
0.0,0.0
0.0,0.3729114532470703
0.0,8.703442573547363
0.0,16.648967742919922
0.0,24.652021408081055
0.0,32.36363220214844
0.0,39.53455352783203
188.84799194335938,46.65178680419922
205.9004364013672,53.39814758300781
219.5424041748047,59.547080993652344
236.59483337402344,65.60179901123047
250.2367401123047,71.25669860839844
263.87872314453125,76.62600708007812
277.5206298828125,81.79132843017578
291.16259765625,86.81094360351562
301.39404296875,91.39395904541016
304.80450439453125,95.00006103515625
304.80450439453125,97.57585144042969
301.39404296875,99.08317565917969
301.39404296875,100.15984344482422
301.39404296875,100.92888641357422
301.39404296875,101.47820281982422
301.39404296875,101.87056732177734
297.9835205078125,101.81830596923828
297.9835205078125,101.78097534179688
294.57305908203125,101.42178344726562
287.7520751953125,100.50016784667969
284.34161376953125,99.50935363769531
274.11016845703125,97.8040542602539
263.87872314453125,95.58840942382812
0.0,93.00822448730469
0.0,0.0
0.0,0.0
0.0,0.0
0.0,0.0
0.0,0.0
0.0,0.0
0.0,0.0
0.0,0.0
0.0,0.0
0.0,0.0
0.0,0.0
0.0,0.0
0.0,0.0
0.0,0.0
0.0,0.0
0.0,0.0
0.0,0.0
0.0,0.0
0.0,0.0
0.0,0.0
0.0,0.0
0.0,0.0
0.0,0.0
0.0,0.0
0.0,0.0
0.0,0.0
0.0,0.0
0.0,0.0
0.0,0.0
0.0,0.0
0.0,0.0
0.0,0.0
0.0,0.0
0.0,0.0
0.0,0.0
0.0,0.0
0.0,0.0
0.0,0.0
0.0,0.0
0.0,0.0
0.0,3.280115842819214
0.0,13.535329818725586
0.0,23.85321617126465
0.0,34.215858459472656
193.2340545654297,43.28036117553711
237.5703582763672,54.07782745361328
268.26470947265625,64.78302764892578
295.54864501953125,75.08979797363281
322.83245849609375,85.11197662353516
346.70587158203125,94.59834289550781
370.5793151855469,103.7020034790039
394.4527282714844,112.53228759765625
404.6841735839844,119.83721160888672
408.0946960449219,125.38754272460938
418.3261413574219,130.34963989257812
435.3785095214844,135.55661010742188
438.7890319824219,139.6083984375
442.1995544433594,142.83506774902344
452.4309997558594,146.1374053955078
459.2519226074219,149.16127014160156
469.4833679199219,152.31874084472656
472.8938903808594,154.90660095214844
469.4833679199219,156.42254638671875
466.0728454589844,157.17283630371094
0.0,157.04371643066406
0.0,23.16524887084961
0.0,21.484251022338867
0.0,19.61849594116211
0.0,17.62075424194336
0.0,15.528751373291016
0.0,13.369404792785645
0.0,10.829442024230957
0.0,8.017608642578125
0.0,5.011582851409912
0.0,1.866848349571228
0.0,0.0
0.0,0.0
0.0,0.0
0.0,0.0
0.0,0.0
0.0,0.0
0.0,0.0
0.0,0.0
0.0,0.0
0.0,0.0
0.0,0.0
0.0,0.0
0.0,0.0
0.0,0.0
0.0,0.0
0.0,0.0
0.0,0.0
0.0,0.0
0.0,0.0
0.0,0.0
0.0,0.0
0.0,0.0
0.0,0.0
0.0,0.0
0.0,0.0
0.0,0.0
0.0,0.0
0.0,0.0
0.0,0.0
0.0,0.0
0.0,0.0
0.0,0.0
0.0,0.0
0.0,0.0
0.0,0.0
0.0,0.0
0.0,0.0
0.0,0.0
0.0,0.0
0.0,0.0
0.0,0.0
0.0,0.0
0.0,0.0
0.0,0.0
0.0,0.0
0.0,0.0
0.0,0.0
0.0,0.0
0.0,0.0
0.0,0.0
0.0,0.0
0.0,0.0
0.0,0.0
0.0,0.0
0.0,0.0
0.0,0.0
0.0,0.0
0.0,0.0
0.0,0.0
0.0,0.0
0.0,0.0
0.0,0.0
0.0,0.0
0.0,0.0
0.0,0.0
0.0,0.0
0.0,0.0
0.0,0.0
0.0,6.490931510925293
0.0,16.11699867248535
0.0,24.9879093170166
0.0,33.319419860839844
0.0,41.598175048828125
206.4216766357422,49.83924865722656
230.29510498046875,58.05340576171875
254.16851806640625,66.24833679199219
271.22088623046875,73.76447296142578
291.68377685546875,81.1282958984375
308.73626708984375,88.05079650878906
0.0,94.99058532714844
0.0,0.0
0.0,0.0
0.0,0.0
0.0,0.0
0.0,0.0
0.0,0.0
0.0,0.0
0.0,0.0
0.0,0.0
0.0,0.0
0.0,0.0
0.0,0.0
0.0,0.0
0.0,0.0
0.0,0.0
0.0,0.0
0.0,0.0
0.0,0.0
0.0,0.0
0.0,0.0
0.0,0.0
0.0,0.0
0.0,0.0
0.0,0.0
0.0,0.0
0.0,0.0
0.0,0.0
0.0,0.0
0.0,0.0
0.0,0.0
0.0,0.0
0.0,0.0
0.0,0.0
0.0,0.0
0.0,0.0
0.0,0.0
0.0,0.0
0.0,0.0
0.0,0.0
0.0,0.0
0.0,0.0
0.0,0.0
0.0,0.0
0.0,0.0
0.0,0.0
0.0,0.0
0.0,0.0
0.0,0.0
0.0,0.0
0.0,0.0
0.0,0.0
0.0,0.0
0.0,0.0
0.0,0.0
0.0,0.0
0.0,0.0
0.0,0.0
0.0,0.0
0.0,0.0
0.0,0.0
0.0,0.0
0.0,0.0
0.0,0.0
0.0,0.0
0.0,0.0
0.0,0.0
0.0,0.0
0.0,0.0
0.0,0.0
0.0,0.0
0.0,0.0
0.0,0.0
0.0,0.0
0.0,0.0
0.0,0.0
0.0,0.0
0.0,0.0
0.0,0.0
0.0,0.0
0.0,0.0
0.0,0.0
0.0,0.0
0.0,0.0
0.0,0.0
0.0,0.0
0.0,0.0
0.0,0.0
0.0,0.0
0.0,0.0
0.0,0.0
0.0,0.0
0.0,0.0
0.0,2.319491147994995
0.0,4.3169846534729
0.0,6.076295375823975
0.0,8.663034439086914
0.0,11.175763130187988
0.0,12.305510520935059
0.0,12.77994441986084
0.0,13.783884048461914
0.0,15.16604232788086
0.0,17.15085792541504
0.0,18.56858253479004
0.0,19.913772583007812
0.0,21.53968048095703
0.0,22.7010440826416
0.0,23.530590057373047
0.0,24.45562171936035
0.0,25.448888778686523
0.0,26.490894317626953
0.0,27.56771469116211
0.0,29.334430694580078
0.0,30.928897857666016
0.0,32.067806243896484
0.0,33.54636764526367
0.0,34.93501281738281
0.0,35.926902770996094
0.0,36.63539505004883
0.0,37.47399139404297
0.0,38.405517578125
0.0,39.070892333984375
0.0,39.878662109375
0.0,40.123138427734375
0.0,40.297767639160156
0.0,40.755001068115234
0.0,41.08159637451172
0.0,41.97993850708008
0.0,42.954139709472656
0.0,44.31505584716797
0.0,45.287139892578125
0.0,46.979042053222656
0.0,48.18754577636719
0.0,48.71823501586914
0.0,49.09729766845703
0.0,49.700584411621094
0.0,49.79897689819336
0.0,49.86925506591797
0.0,49.91945266723633
0.0,49.622779846191406
0.0,49.41087341308594
0.0,49.592037200927734
0.0,49.72144317626953
0.0,49.813873291015625
0.0,49.8798942565918
0.0,50.59211349487305
0.0,50.43578338623047
0.0,49.65908432006836
0.0,49.436805725097656
0.0,49.27803039550781
0.0,49.16462326049805
0.0,49.083614349365234
0.0,48.69325256347656
0.0,48.08189392089844
0.0,47.312679290771484
0.0,46.763240814208984
0.0,46.370784759521484
0.0,45.75792694091797
0.0,44.98764419555664
0.0,44.104915618896484
0.0,43.47439193725586
0.0,43.024017333984375
0.0,43.03485107421875
0.0,43.0425910949707
0.0,43.048118591308594
0.0,43.052066802978516
0.0,43.05488586425781
0.0,43.05690002441406
0.0,43.05834197998047
0.0,43.05936813354492
0.0,43.06010437011719
0.0,43.06062698364258
0.0,43.06100082397461
0.0,42.72874069213867
0.0,42.49140930175781
0.0,41.98938751220703
0.0,41.630802154541016
0.0,41.37466812133789
0.0,41.191715240478516
0.0,41.06103515625
0.0,40.30263137817383
0.0,39.09585952758789
0.0,38.2338752746582
0.0,36.6206169128418
0.0,35.46828842163086
0.0,34.64519500732422
0.0,33.7247428894043
0.0,33.06727981567383
0.0,32.26512908935547
0.0,31.359638214111328
0.0,30.712858200073242
0.0,30.915931701660156
0.0,30.395925521850586
0.0,29.69196319580078
0.0,28.856603622436523
0.0,28.59244728088379
0.0,27.73873519897461
0.0,27.128938674926758
0.0,26.360841751098633
0.0,25.81220245361328
0.0,25.42031478881836
0.0,25.140396118164062
0.0,24.940454483032227
0.0,24.797639846801758
0.0,24.030569076538086
0.0,23.482662200927734
0.0,22.426240921020508
0.0,21.00662612915039
0.0,19.660085678100586
0.0,18.698270797729492
0.0,18.011259078979492
0.0,17.18800926208496
0.0,16.599971771240234
0.0,15.847416877746582
0.0,15.309877395629883
0.0,14.593391418457031
0.0,13.08405590057373
0.0,12.005959510803223
0.0,11.235891342163086
0.0,11.350872039794922
0.0,11.765530586242676
0.0,11.729185104370117
0.0,11.703225135803223
0.0,11.68468189239502
0.0,11.671436309814453
0.0,11.994504928588867
0.0,12.225268363952637
0.0,12.05756950378418
0.0,11.605284690856934
0.0,11.28222370147705
0.0,10.386406898498535
0.0,9.081480026245117
0.0,8.149389266967773
0.0,7.816139221191406
0.0,7.910632610321045
0.0,7.978127956390381
0.0,8.358868598937988
0.0,9.295855522155762
0.0,9.965132713317871
0.0,10.110686302185059
0.0,9.882123947143555
0.0,9.718865394592285
0.0,9.269722938537598
0.0,8.948906898498535
0.0,9.052281379699707
0.0,7.796003818511963
0.0,5.901103496551514
0.0,3.550015449523926
0.0,1.2056368589401245
0.0,0.0
0.0,0.0
0.0,0.0
0.0,0.0
0.0,0.0
0.0,0.0
0.0,0.0
0.0,0.0
0.0,0.0
0.0,0.0
0.0,0.0
0.0,0.0
0.0,0.0
0.0,0.0
0.0,0.0
0.0,0.0
0.0,0.0
0.0,0.0
0.0,0.0
0.0,0.0
0.0,0.0
0.0,0.0
0.0,0.0
0.0,0.10207574814558029
0.0,1.7355289459228516
0.0,3.5673396587371826
0.0,5.873335361480713
0.0,8.18553352355957
0.0,10.169632911682129
0.0,11.9193754196167
0.0,13.501721382141113
0.0,14.964497566223145
0.0,16.674367904663086
0.0,18.893291473388672
0.0,21.47579574584961
0.0,24.318029403686523
0.0,27.34575653076172
0.0,29.840946197509766
0.0,31.95575523376465
0.0,34.13138961791992
0.0,35.68541717529297
0.0,37.46046447753906
0.0,39.06088638305664
0.0,40.869102478027344
0.0,42.82574462890625
0.0,44.88837432861328
0.0,46.694210052490234
0.0,47.98409652709961
0.0,49.23796844482422
0.0,50.13359451293945
0.0,50.7733268737793
0.0,50.89775085449219
0.0,50.98662185668945
0.0,50.71757507324219
0.0,50.525394439697266
0.0,50.388126373291016
0.0,50.290077209472656
0.0,50.55257034301758
0.0,50.74006652832031
0.0,51.206520080566406
0.0,51.539703369140625
0.0,51.445159912109375
0.0,51.71015930175781
0.0,52.231971740722656
0.0,52.604698181152344
0.0,53.535987854003906
0.0,54.201194763183594
0.0,55.008846282958984
0.0,55.58573532104492
0.0,55.66530227661133
0.0,55.38960266113281
0.0,54.86014938354492
0.0,54.81449508666992
0.0,54.78188705444336
0.0,54.75859451293945
0.0,55.406986236572266
0.0,56.20265197753906
0.0,56.10595703125
0.0,55.371826171875
0.0,54.847450256347656
0.0,54.14036560058594
0.0,53.30277633666992
0.0,52.371971130371094
0.0,52.03963851928711
0.0,51.8022575378418
0.0,51.3001708984375
0.0,50.27650451660156
0.0,49.545318603515625
0.0,48.69050979614258
0.0,47.41487503051758
0.0,45.50614929199219
0.0,43.810245513916016
0.0,42.266353607177734
0.0,40.49851608276367
0.0,38.90324783325195
0.0,38.09629821777344
0.0,37.187374114990234
0.0,36.53814697265625
0.0,35.74188232421875
0.0,35.173118591308594
0.0,35.09939193725586
0.0,35.046730041503906
0.0,34.67658233642578
0.0,33.747161865234375
0.0,32.0857048034668
0.0,30.233917236328125
0.0,28.24615478515625
0.0,25.49623680114746
0.0,22.534420013427734
0.0,19.088748931884766
0.0,15.62996768951416
0.0,12.161849975585938
0.0,8.354506492614746
0.0,4.969917297363281
0.0,2.2198524475097656
0.0,0.0
0.0,0.0
0.0,0.0
0.0,0.0
0.0,0.0
0.0,0.0
0.0,0.0
0.0,0.0
0.0,0.0
0.0,0.0
0.0,0.0
0.0,0.0
0.0,0.0
0.0,0.0
0.0,0.0
0.0,0.0
0.0,0.0
0.0,0.0
0.0,0.0
0.0,0.0
0.0,0.0
0.0,0.0
0.0,0.0
0.0,0.0
0.0,0.0
0.0,0.0
0.0,0.0
0.0,2.8711113929748535
0.0,6.706146240234375
0.0,10.775545120239258
0.0,15.67740535736084
0.0,20.841352462768555
0.0,25.860002517700195
0.0,30.77484130859375
0.0,35.28302764892578
0.0,39.168190002441406
0.0,42.608367919921875
0.0,45.73069381713867
0.0,48.62598419189453
0.0,50.69404983520508
0.0,52.171241760253906
0.0,53.226375579833984
0.0,53.64751434326172
0.0,53.283267974853516
0.0,52.6905632019043
0.0,51.93467712402344
0.0,51.062225341796875
0.0,50.106544494628906
0.0,48.75885772705078
0.0,47.46369552612305
0.0,46.53858184814453
0.0,46.21031188964844
0.0,45.31077575683594
0.0,44.00322341918945
0.0,43.40175247192383
0.0,43.63719177246094
0.0,43.805362701416016
0.0,43.59295654296875
0.0,43.108707427978516
0.0,42.7628173828125
0.0,42.8482780456543
0.0,43.241851806640625
0.0,43.855506896972656
0.0,44.95888900756836
0.0,45.74702072143555
0.0,46.30997085571289
0.0,46.71207809448242
0.0,47.3317985534668
0.0,47.77445602416992
0.0,48.42316818237305
0.0,48.55400848388672
0.0,48.31496047973633
0.0,48.14421463012695
0.0,48.02225112915039
0.0,47.93513488769531
0.0,47.20785140991211
0.0,46.0233039855957
0.0,44.512168884277344
0.0,43.43278884887695
0.0,41.664215087890625
0.0,40.400943756103516
0.0,38.833553314208984
0.0,37.04895782470703
0.0,35.77424621582031
0.0,34.53120803833008
0.0,33.975852966308594
0.0,33.57917022705078
0.0,32.630767822265625
0.0,31.953338623046875
0.0,31.469459533691406
0.0,31.123830795288086
0.0,30.876955032348633
0.0,29.370525360107422
0.0,27.629446029663086
0.0,25.055728912353516
0.0,21.887243270874023
0.0,18.626480102539062
0.0,15.299775123596191
0.0,11.92599868774414
0.0,8.518570899963379
0.0,5.0871052742004395
0.0,1.9710291624069214
0.0,0.0
0.0,0.0
0.0,0.0
0.0,0.0
0.0,0.0
0.0,0.0
0.0,0.0
0.0,0.0
0.0,0.0
0.0,0.0
0.0,0.0
0.0,0.0
0.0,0.0
0.0,0.0
0.0,0.0
0.0,0.0
0.0,0.0
0.0,0.0
0.0,0.0
0.0,0.0
0.0,0.0
0.0,0.0
0.0,0.0
0.0,0.0
0.0,0.0
0.0,0.0
0.0,0.0
0.0,0.0
0.0,0.0
0.0,0.0
0.0,2.8035552501678467
0.0,6.657891750335693
0.0,10.076047897338867
0.0,13.847676277160645
0.0,17.206754684448242
0.0,20.603656768798828
0.0,24.02760124206543
0.0,27.138307571411133
0.0,30.35782814025879
0.0,33.65504455566406
0.0,36.67525863647461
0.0,39.16508102416992
0.0,41.276058197021484
0.0,43.44892501831055
0.0,45.66603469848633
0.0,47.582210540771484
0.0,48.95091247558594
0.0,50.26108169555664
0.0,51.52944564819336
0.0,52.1028938293457
0.0,52.51249694824219
0.0,53.137603759765625
0.0,53.91663360595703
0.0,54.14055633544922
0.0,53.96797180175781
0.0,53.844696044921875
0.0,54.08917236328125
0.0,53.93126678466797
0.0,54.15100860595703
0.0,53.64291000366211
0.0,53.612510681152344
0.0,53.57528305053711
0.0,53.2316780090332
0.0,53.31877136230469
0.0,53.04845428466797
0.0,53.187896728515625
0.0,52.95497131347656
0.0,52.123538970947266
0.0,51.52965545654297
0.0,50.10789489746094
0.0,48.759822845458984
0.0,47.464385986328125
0.0,45.87401580810547
0.0,45.40309143066406
0.0,44.73419189453125
0.0,44.256404876708984
0.0,42.91756820678711
0.0,42.62628936767578
0.0,42.75075912475586
0.0,42.17463684082031
0.0,41.43059158325195
0.0,40.899131774902344
0.0,40.186988830566406
0.0,39.678314208984375
0.0,39.31497573852539
0.0,38.72291946411133
0.0,37.967491149902344
0.0,37.09537124633789
0.0,36.47242736816406
0.0,35.69493865966797
0.0,34.807090759277344
0.0,33.84038162231445
0.0,32.48481750488281
0.0,31.184030532836914
0.0,30.58742332458496
0.0,29.828746795654297
0.0,29.286836624145508
0.0,28.899755477905273
0.0,28.290740966796875
0.0,27.523229598999023
0.0,26.642478942871094
0.0,24.68325424194336
0.0,22.618776321411133
0.0,21.14415168762207
0.0,19.42578887939453
0.0,17.20079803466797
0.0,14.613960266113281
0.0,12.101161003112793
0.0,8.976215362548828
0.0,6.0790534019470215
0.0,4.0096516609191895
0.0,0.8688900470733643
0.0,0.0
0.0,0.0
0.0,0.0
0.0,0.0
0.0,0.0
0.0,0.0
0.0,0.0
0.0,0.0
0.0,0.0
0.0,0.0
0.0,0.0
0.0,0.0
0.0,0.0
0.0,0.0
0.0,0.0
0.0,0.0
0.0,0.0
0.0,0.0
0.0,0.0
0.0,0.0
0.0,0.0
0.0,0.0
0.0,0.0
0.0,0.0
0.0,0.0
0.0,0.0
0.0,0.0
0.0,0.0
0.0,0.0
0.0,0.0
0.0,0.0
0.0,0.0
0.0,0.0
0.0,0.0
0.0,0.0
0.0,3.8273394107818604
0.0,7.389166355133057
0.0,10.265857696533203
0.0,12.320636749267578
0.0,14.45336627960205
0.0,16.641803741455078
0.0,19.202560424804688
0.0,21.364171981811523
0.0,23.240711212158203
0.0,25.578683853149414
0.0,27.913694381713867
0.0,29.914087295532227
0.0,32.007999420166016
0.0,33.836177825927734
0.0,35.474552154541016
0.0,36.64481735229492
0.0,37.81325149536133
0.0,38.64784622192383
0.0,39.24398422241211
0.0,39.6697998046875
0.0,39.641422271728516
0.0,39.28862380981445
0.0,39.36915588378906
0.0,40.091705322265625
0.0,39.61025619506836
0.0,38.60130310058594
0.0,37.548095703125
0.0,36.79580307006836
0.0,36.25844955444336
0.0,35.87462615966797
0.0,35.600467681884766
0.0,35.404640197753906
0.0,35.26476287841797
0.0,35.164852142333984
0.0,35.09348678588867
0.0,35.375038146972656
0.0,35.576148986816406
0.0,35.05474090576172
0.0,34.34980392456055
0.0,32.84869384765625
0.0,31.443939208984375
0.0,30.773073196411133
0.0,29.961355209350586
0.0,28.383996963500977
0.0,26.924781799316406
0.0,25.549957275390625
0.0,23.902881622314453
0.0,22.393898010253906
0.0,21.316051483154297
0.0,20.213632583618164
0.0,19.09366226196289
0.0,17.628623962402344
0.0,15.917109489440918
0.0,14.362098693847656
0.0,13.583877563476562
0.0,13.693062782287598
0.0,13.771053314208984
0.0,12.496671676635742
0.0,10.588811874389648
0.0,8.56102466583252
0.0,6.780076503753662
0.0,5.507970333099365
0.0,4.266793727874756
0.0,3.0477097034454346
0.0,1.5118770599365234
0.0,0.08232442289590836
0.0,0.0
0.0,0.0
0.0,0.0
0.0,0.0
0.0,0.0
0.0,0.0
0.0,0.0
0.0,0.0
0.0,0.0
0.0,0.0
0.0,0.0
0.0,0.0
0.0,0.0
0.0,0.0
0.0,0.0
0.0,0.0
0.0,0.0
0.0,0.0
0.0,0.0
0.0,0.0
0.0,0.0
0.0,0.0
0.0,0.0
0.0,0.0
0.0,0.0
0.0,0.0
0.0,0.0
0.0,0.0
0.0,0.0
0.0,0.0
0.0,0.0
0.0,0.0
0.0,0.0
0.0,0.0
0.0,0.0
0.0,0.0
0.0,0.0
0.0,0.0
0.0,0.0
0.0,0.27047795057296753
0.0,2.188345432281494
0.0,4.223309516906738
0.0,5.676855087280273
0.0,7.380131721496582
0.0,9.594346046447754
0.0,11.508456230163574
0.0,13.873237609863281
0.0,15.56236743927002
0.0,18.0990047454834
0.0,20.575918197631836
0.0,23.675260543823242
0.0,26.22160530090332
0.0,28.70545196533203
0.0,31.477216720581055
0.0,34.122108459472656
0.0,36.67634582519531
0.0,39.16585922241211
0.0,41.276611328125
0.0,42.78429412841797
0.0,44.1937370300293
0.0,45.532981872558594
0.0,46.82211685180664
0.0,48.07545471191406
0.0,49.303226470947266
0.0,50.51273727416992
0.0,51.70920181274414
0.0,52.23128890991211
0.0,52.604209899902344
0.0,53.20310974121094
0.0,54.29592514038086
0.0,55.7415657043457
0.0,56.774169921875
184.16587829589844,58.50932693481445
0.0,59.41619873046875
0.0,59.7314338684082
0.0,60.28913116455078
0.0,60.6874885559082
0.0,60.97202682495117
0.0,61.175270080566406
0.0,61.32044219970703
0.0,61.424137115478516
0.0,61.498207092285156
0.0,60.22099304199219
0.0,59.30870056152344
0.0,58.324562072753906
0.0,57.621604919433594
0.0,57.11949157714844
0.0,56.760841369628906
0.0,56.504661560058594
0.0,55.9891471862793
0.0,55.288394927978516
0.0,55.120384216308594
0.0,55.0003776550293
0.0,54.91465759277344
0.0,56.18352127075195
0.0,57.089847564697266
0.0,57.73722839355469
0.0,58.19963836669922
184.16580200195312,58.19740295410156
187.57603454589844,59.52592468261719
0.0,60.14234161376953
0.0,60.582637786865234
0.0,60.564605712890625
0.0,60.55172348022461
0.0,60.54252243041992
0.0,60.86848068237305
0.0,61.1013069152832
0.0,60.60255432128906
0.0,60.24630355834961
0.0,60.324363708496094
0.0,60.0475959777832
0.0,59.517372131347656
0.0,59.13864517211914
0.0,58.86812210083008
0.0,57.67733383178711
0.0,56.8267707824707
0.0,55.886695861816406
0.0,54.88268280029297
0.0,54.16553497314453
0.0,52.988224029541016
0.0,51.482261657714844
0.0,50.074039459228516
0.0,48.73564147949219
0.0,48.1121711730957
0.0,47.00177764892578
0.0,44.40702819824219
0.0,43.357688903808594
0.0,42.608158111572266
0.0,41.74024963378906
0.0,41.12031555175781
0.0,41.01003646850586
0.0,40.9312629699707
0.0,40.874996185302734
0.0,40.50227737426758
0.0,40.568580627441406
0.0,40.94843673706055
0.0,41.219764709472656
0.0,41.413570404052734
0.0,41.219505310058594
0.0,40.748355865478516
0.0,40.41181945800781
0.0,40.17143630981445
0.0,39.667205810546875
0.0,39.30704116821289
0.0,39.049781799316406
0.0,38.53349304199219
0.0,37.499656677246094
0.0,36.42867660522461
0.0,35.66368865966797
0.0,34.452239990234375
0.0,33.586917877197266
0.0,33.301361083984375
0.0,33.097389221191406
0.0,32.951698303222656
0.0,32.847633361816406
0.0,32.44076919555664
0.0,32.15015411376953
0.0,31.610042572021484
0.0,31.224246978759766
0.0,30.61614990234375
0.0,30.18179702758789
0.0,29.539012908935547
0.0,29.079883575439453
0.0,29.084461212158203
0.0,29.087732315063477
0.0,29.090068817138672
0.0,29.424266815185547
0.0,30.32803726196289
0.0,30.973588943481445
0.0,31.1021671295166
0.0,30.861480712890625
0.0,30.689559936523438
0.0,30.566761016845703
0.0,30.479047775268555
0.0,30.416393280029297
0.0,30.704172134399414
0.0,31.24225616455078
0.0,31.959102630615234
0.0,32.471134185791016
0.0,32.504371643066406
0.0,32.528114318847656
0.0,33.21010208129883
0.0,34.02976608276367
0.0,34.282711029052734
0.0,34.463382720947266
0.0,34.592437744140625
0.0,34.68461990356445
0.0,35.08299255371094
0.0,35.7000732421875
0.0,36.140846252441406
0.0,35.79062271118164
0.0,35.20793533325195
0.0,35.12425994873047
0.0,35.064491271972656
0.0,34.68927001953125
0.0,33.7562255859375
0.0,32.75723648071289
0.0,32.043670654296875
0.0,31.53398323059082
0.0,30.837390899658203
0.0,30.339824676513672
0.0,29.651891708374023
0.0,28.827980041503906
0.0,27.906972885131836
0.0,26.916580200195312
0.0,25.876628875732422
0.0,23.463117599487305
0.0,23.409868240356445
0.0,23.37183380126953
0.0,23.34466552734375
0.0,23.325260162353516
0.0,23.64392852783203
0.0,23.871549606323242
0.0,24.36666488647461
0.0,24.387788772583008
0.0,24.402877807617188
0.0,24.41365623474121
0.0,24.753883361816406
0.0,24.996902465820312
0.0,24.83795928955078
0.0,24.724428176879883
0.0,25.308364868164062
0.0,26.05799102783203
0.0,26.59343910217285
0.0,26.310871124267578
0.0,25.776508331298828
0.0,25.72734832763672
0.0,25.35970687866211
0.0,25.097105026245117
0.0,25.242061614990234
0.0,25.34560203552246
0.0,25.419559478759766
0.0,25.47238540649414
0.0,25.51011848449707
0.0,25.869571685791016
0.0,26.126323699951172
0.0,25.977218627929688
0.0,25.538183212280273
0.0,25.889617919921875
0.0,26.473173141479492
0.0,26.557466506958008
0.0,25.620119094848633
0.0,24.950584411621094
0.0,24.139816284179688
0.0,23.56069564819336
0.0,22.81450843811035
0.0,22.281518936157227
0.0,21.90081214904785
0.0,21.628877639770508
0.0,21.43463897705078
0.0,21.295896530151367
0.0,21.196796417236328
0.0,21.126008987426758
0.0,21.407976150512695
0.0,21.941911697387695
0.0,21.990764617919922
0.0,22.025657653808594
0.0,21.718053817749023
0.0,21.498336791992188
0.0,21.673925399780273
0.0,21.799345016479492
0.0,21.5564022064209
0.0,21.05034065246582
0.0,20.023839950561523
0.0,18.95809555053711
0.0,18.196847915649414
0.0,17.320571899414062
0.0,16.362131118774414
0.0,15.345001220703125
0.0,14.61847972869873
0.0,14.4320650100708
0.0,14.298912048339844
0.0,14.203802108764648
0.0,14.13586711883545
0.0,14.08734130859375
0.0,14.052680969238281
0.0,14.027922630310059
0.0,14.010238647460938
0.0,13.665078163146973
0.0,13.418534278869629
0.0,13.242432594299316
0.0,13.116644859313965
0.0,13.026796340942383
0.0,13.295148849487305
0.0,13.486828804016113
0.0,13.623743057250977
0.0,13.389009475708008
0.0,12.888813972473145
0.0,12.531530380249023
0.0,11.943827629089355
0.0,10.85898208618164
0.0,9.41903305053711
0.0,8.057969093322754
0.0,7.418310165405273
0.0,7.29394006729126
0.0,7.205103874206543
0.0,7.474178791046143
0.0,7.998904705047607
0.0,8.70623779296875
0.0,8.878947257995605
0.0,9.002310752868652
0.0,9.09042739868164
0.0,8.82083797454834
0.0,8.295745849609375
0.0,8.253209114074707
0.0,8.222825050354004
0.0,8.201123237609863
0.0,8.518150329589844
0.0,9.077127456665039
0.0,9.143868446350098
0.0,8.193951606750488
0.0,7.847970008850098
0.0,7.600839614868164
0.0,7.424318313598633
0.0,6.965702056884766
0.0,6.30558967590332
0.0,5.501580715179443
0.0,5.259788990020752
0.0,4.754579544067383
0.0,4.061186790466309
0.0,3.233376979827881
0.0,2.3095550537109375
0.0,1.6496821641921997
0.0,0.845815122127533
0.0,0.27162444591522217
0.0,0.1940174549818039
0.0,0.13858389854431152
0.0,0.09898849576711655
0.0,0.0707060694694519
0.0,0.0
0.0,0.0
0.0,0.0
0.0,0.0
0.0,0.0
0.0,0.0
0.0,0.0
0.0,0.0
0.0,0.0
0.0,0.0
0.0,0.0
0.0,0.0
0.0,0.0
0.0,0.0
0.0,0.0
0.0,0.0
0.0,0.0
0.0,0.0
0.0,0.0
0.0,0.0
0.0,0.0
0.0,0.0
0.0,0.0
0.0,0.0
0.0,0.0
0.0,0.24412861466407776
0.0,0.5069068074226379
0.0,0.6946055293083191
0.0,0.8286760449409485
0.0,1.5894992351531982
0.0,2.132944345474243
0.0,2.8536200523376465
0.0,4.033446788787842
0.0,5.541238784790039
0.0,7.283263206481934
0.0,8.860095024108887
0.0,10.65146255493164
0.0,12.5960693359375
0.0,14.650103569030762
0.0,16.117271423339844
0.0,17.16524887084961
0.0,17.913803100585938
0.0,18.448484420776367
0.0,18.830400466918945
0.0,19.10319709777832
0.0,19.630582809448242
0.0,20.007286071777344
0.0,19.943830490112305
0.0,19.566003799438477
0.0,19.296127319335938
0.0,19.10335922241211
0.0,18.965667724609375
0.0,18.534786224365234
0.0,18.55954360961914
0.0,18.577228546142578
0.0,18.589859008789062
0.0,19.5964412689209
0.0,21.31301498413086
0.0,23.20417022705078
0.0,25.22005271911621
0.0,27.325029373168945
0.0,29.161083221435547
0.0,30.80508041381836
0.0,32.311893463134766
0.0,33.7207145690918
0.0,34.06196212768555
0.0,33.64067459106445
0.0,33.00722885131836
0.0,32.22224044799805
0.0,31.661531448364258
0.0,31.593555450439453
0.0,30.21488380432129
0.0,28.565088272094727
0.0,27.054134368896484
0.0,26.307409286499023
0.0,26.106565475463867
0.0,26.62813377380371
0.0,27.33321189880371
0.0,28.169368743896484
0.0,29.099153518676758
0.0,29.76328468322754
0.0,30.2376651763916
0.0,30.24397850036621
0.0,30.581016540527344
0.0,31.15428924560547
0.0,31.56376838684082
0.0,31.856252670288086
0.0,31.732641220092773
0.0,31.311819076538086
0.0,31.343761444091797
0.0,31.034046173095703
0.0,30.812822341918945
0.0,30.987335205078125
0.0,31.11198616027832
0.0,31.20102310180664
0.0,30.59956169128418
0.0,29.5048885345459
0.0,28.390478134155273
0.0,26.929412841796875
0.0,25.885793685913086
0.0,25.472881317138672
0.0,25.17794418334961
0.0,24.63474464416504
0.0,24.579275131225586
0.0,24.207124710083008
0.0,23.276243209838867
0.0,22.278799057006836
0.0,20.901309967041016
0.0,18.919801712036133
0.0,17.171907424926758
0.0,15.5908842086792
0.0,14.129080772399902
0.0,12.752406120300293
0.0,11.76906681060791
0.0,10.734152793884277
0.0,10.327457427978516
0.0,10.369489669799805
0.0,9.401925086975098
0.0,8.378278732299805
0.0,6.982072353363037
0.0,4.987194538116455
0.0,2.897223472595215
0.0,1.0718575716018677
0.0,0.0
0.0,0.0
0.0,0.0
0.0,0.0
0.0,0.0
0.0,0.0
0.0,0.0
0.0,0.0
0.0,0.0
0.0,0.0
0.0,0.0
0.0,0.0
0.0,0.0
0.0,0.0
0.0,0.0
0.0,0.0
0.0,0.0
0.0,0.0
0.0,0.0
0.0,0.0
0.0,0.0
0.0,0.0
0.0,0.0
0.0,0.0
0.0,0.0
0.0,0.0
0.0,0.0
0.0,0.0
0.0,0.0
0.0,0.0
0.0,0.0
0.0,0.0
0.0,0.0
0.0,0.0
0.0,0.0
0.0,0.0
0.0,0.0
0.0,0.0
0.0,0.0
0.0,0.0
0.0,0.0
0.0,0.0
0.0,0.0
0.0,0.0
0.0,0.0
0.0,0.0
0.0,0.0
0.0,0.0
0.0,0.0
0.0,0.0
0.0,0.0
0.0,0.0
0.0,0.0
0.0,0.0
0.0,0.0
0.0,0.0
0.0,0.0
0.0,0.0
0.0,0.0
0.0,0.0
0.0,0.0
0.0,0.0
0.0,0.0
0.0,0.0
0.0,0.0
0.0,0.0
0.0,0.0
0.0,0.0
0.0,0.0
0.0,0.7162460684776306
0.0,1.8416928052902222
0.0,2.645583152770996
0.0,3.2197906970977783
0.0,4.294997692108154
0.0,5.39553165435791
0.0,5.849098205566406
0.0,5.840544700622559
0.0,5.169405460357666
0.0,4.3574910163879395
0.0,3.4450228214263916
0.0,3.125789165496826
0.0,2.5652356147766113
0.0,1.8323112726211548
0.0,1.3087937831878662
0.0,0.6023234128952026
0.0,0.0977017730474472
0.0,0.0
0.0,0.0
0.0,0.0
0.0,0.0
0.0,0.0
0.0,0.0
0.0,0.0
0.0,0.0
0.0,0.0
0.0,0.0
0.0,0.0
0.0,0.0
0.0,0.0
0.0,0.0
0.0,0.0
0.0,0.0
0.0,0.0
0.0,0.0
0.0,0.0
0.0,0.0
0.0,0.0
0.0,0.0
0.0,0.0
0.0,0.0
0.0,0.0
0.0,0.0
0.0,0.0
0.0,0.0
0.0,0.0
0.0,0.0
0.0,0.0
0.0,0.0
0.0,0.0
0.0,0.0
0.0,0.0
0.0,0.0
0.0,0.0
0.0,0.0
0.0,0.0
0.0,0.0
0.0,0.0
0.0,0.0
0.0,0.0
0.0,0.0
0.0,0.0
0.0,0.0
0.0,0.0
0.0,0.0
0.0,0.0
0.0,0.0
0.0,0.0
0.0,0.0
0.0,0.0
0.0,0.0
0.0,0.0
0.0,0.0
0.0,0.0
0.0,0.0
0.0,0.0
0.0,0.0
0.0,0.0
0.0,0.0
0.0,1.674641489982605
0.0,4.853937149047852
0.0,8.45497989654541
0.0,11.692182540893555
0.0,14.336999893188477
0.0,16.89121437072754
0.0,18.715652465820312
0.0,20.683879852294922
0.0,22.422258377075195
0.0,23.663957595825195
0.0,24.88341522216797
0.0,25.75445556640625
0.0,26.37662696838379
0.0,26.821035385131836
0.0,27.803529739379883
0.0,28.837839126586914
0.0,29.576631546020508
0.0,30.436870574951172
0.0,30.71879768371582
0.0,30.92017364501953
0.0,31.396543502807617
0.0,31.736806869506836
0.0,31.647323608398438
0.0,31.250877380371094
0.0,29.97011375427246
0.0,28.3902530670166
0.0,27.594308853149414
0.0,27.025779724121094
0.0,27.28471565246582
0.0,27.802200317382812
0.0,27.506772994995117
0.0,26.963253021240234
0.0,26.575023651123047
0.0,25.300128936767578
0.0,23.72443199157715
0.0,22.266433715820312
0.0,20.559947967529297
0.0,19.008501052856445
0.0,17.567794799804688
0.0,16.206188201904297
0.0,15.566143035888672
0.0,14.44390869140625
0.0,13.309812545776367
0.0,12.832243919372559
0.0,12.158623695373535
0.0,11.34493637084961
0.0,10.098672866821289
0.0,9.208484649658203
0.0,7.9075775146484375
0.0,5.980798721313477
0.0,3.606940746307373
0.0,1.246297836303711
0.0,0.0
0.0,0.0
0.0,0.0
0.0,0.0
0.0,0.0
0.0,0.0
0.0,0.0
0.0,0.0
0.0,0.0
0.0,0.0
0.0,0.0
0.0,0.0
0.0,0.0
0.0,0.0
0.0,0.0
0.0,0.0
0.0,0.0
0.0,0.0
0.0,0.0
0.0,0.0
0.0,0.0
0.0,0.0
0.0,0.0
0.0,0.0
0.0,0.0
0.0,0.0
0.0,0.0
0.0,0.0
0.0,0.0
0.0,0.0
0.0,0.0
0.0,0.0
0.0,0.0
0.0,0.0
0.0,0.0
0.0,0.0
0.0,0.0
0.0,0.0
0.0,1.6400443315505981
0.0,4.829225063323975
0.0,8.437328338623047
0.0,11.014544486999512
0.0,12.855413436889648
0.0,14.502848625183105
0.0,15.679588317871094
0.0,16.852617263793945
0.0,18.355554580688477
0.0,20.75916862487793
0.0,22.476036071777344
0.0,24.367427825927734
0.0,25.71842384338379
0.0,26.68341827392578
0.0,27.37270164489746
0.0,27.53251838684082
0.0,27.97920036315918
0.0,28.298259735107422
0.0,28.19363021850586
0.0,28.118896484375
0.0,27.73298454284668
0.0,26.79230308532715
0.0,25.787858963012695
0.0,24.737869262695312
0.0,23.987876892089844
0.0,23.784696578979492
0.0,23.639568328857422
0.0,23.535905838012695
0.0,23.129331588745117
0.0,22.506391525268555
0.0,21.728904724121094
0.0,20.84105682373047
0.0,20.206880569458008
0.0,19.421367645263672
0.0,18.52775764465332
0.0,17.556936264038086
0.0,16.19843292236328
0.0,14.563043594360352
0.0,13.394908905029297
0.0,12.893027305603027
0.0,12.534541130065918
0.0,11.945978164672852
0.0,11.5255765914917
0.0,10.892759323120117
0.0,9.775690078735352
0.0,8.977782249450684
0.0,7.742790222167969
0.0,6.19562292098999
0.0,4.757974147796631
0.0,3.066023826599121
0.0,1.1924291849136353
0.0,0.0
0.0,0.0
0.0,0.0
0.0,0.0
0.0,0.0
0.0,0.0
0.0,0.0
0.0,0.0
0.0,0.0
0.0,0.0
0.0,0.0
0.0,0.0
0.0,0.0
0.0,0.0
0.0,0.0
0.0,0.0
0.0,0.0
0.0,0.0
0.0,0.0
0.0,0.0
0.0,0.0
0.0,0.0
0.0,0.0
0.0,0.0
0.0,0.0
0.0,0.0
0.0,0.0
0.0,0.0
0.0,0.0
0.0,0.0
0.0,0.0
0.0,0.0
0.0,0.0
0.0,0.0
0.0,0.0
0.0,0.0
0.0,0.0
0.0,0.0
0.0,0.0
0.0,0.0
0.0,0.0
0.0,0.0
0.0,0.0
0.0,0.33262041211128235
0.0,2.8977913856506348
0.0,5.062585830688477
0.0,6.941368103027344
0.0,8.615884780883789
0.0,10.809556007385254
0.0,13.041522026062012
0.0,15.300813674926758
0.0,17.579652786254883
0.0,19.5399227142334
0.0,21.272645950317383
0.0,22.842805862426758
0.0,24.296876907348633
0.0,25.66802978515625
0.0,26.979951858520508
0.0,28.249570846557617
0.0,29.488969802856445
0.0,32.47917938232422
0.0,33.8402099609375
0.0,34.81237030029297
0.0,35.506771087646484
0.0,36.00277328491211
0.0,36.357059478759766
0.0,36.61012268066406
0.0,37.123409271240234
0.0,37.49004364013672
0.0,37.75192642211914
0.0,37.93898391723633
0.0,38.07259750366211
0.0,37.83550262451172
0.0,37.66615295410156
0.0,37.545188903808594
0.0,37.12625503540039
0.0,36.82701873779297
0.0,37.27833557128906
0.0,38.26576232910156
0.0,39.30356979370117
0.0,40.70991897583008
0.0,42.379512786865234
0.0,43.572078704833984
0.0,43.758853912353516
0.0,43.227203369140625
0.0,42.84745788574219
0.0,42.24370574951172
0.0,41.47992706298828
0.0,40.93437194824219
0.0,40.212158203125
386.4859619140625,133.18057250976562
383.075439453125,132.8120880126953
383.075439453125,132.21636962890625
386.4859313964844,131.7908477783203
389.89642333984375,131.81944274902344
386.4859313964844,132.17239379882812
383.075439453125,132.0919647216797
372.8439636230469,131.70199584960938
355.79180908203125,130.42584228515625
355.79180908203125,127.85169982910156
325.0979919433594,124.35041046142578
311.4560241699219,120.51939392089844
297.8143310546875,116.45284271240234
294.40386962890625,112.21807098388672
294.40386962890625,108.86070251464844
287.5828857421875,105.79753112792969
280.7621765136719,102.94451904296875
253.4785614013672,99.57653045654297
246.65757751464844,95.84074401855469
236.42640686035156,92.50726318359375
236.42640686035156,89.12864685058594
222.78443908691406,85.3852310180664
215.9637451171875,82.04633331298828
0.0,74.34759521484375
0.0,70.5045166015625
0.0,67.09442901611328
0.0,63.32853317260742
0.0,58.975990295410156
497.1041259765625,50.03607940673828
483.46246337890625,176.34732055664062
469.8207702636719,171.7707977294922
456.1788024902344,167.1717529296875
439.1266784667969,162.22409057617188
422.07452392578125,157.02743530273438
411.8430480957031,152.3179473876953
401.6118469238281,147.9564666748047
387.96990966796875,143.51101684570312
374.3282470703125,139.00559997558594
360.68658447265625,134.4573516845703
347.04461669921875,129.8784942626953
329.9924621582031,124.94525909423828
309.5298156738281,119.42637634277344
295.88787841796875,114.1541976928711
282.2462158203125,109.05827331542969
268.60455322265625,104.0882339477539
251.55238342285156,98.8755874633789
234.4999542236328,93.4896240234375
217.4477996826172,87.97988891601562
196.98516845703125,82.0492172241211
0.0,69.37177276611328
0.0,63.104793548583984
0.0,56.96573257446289
469.27899169921875,50.91807174682617
452.226806640625,169.2814483642578
431.7641906738281,163.01318359375
418.1225280761719,157.20574951171875
407.89105224609375,152.05999755859375
397.6597595214844,147.38690185546875
387.4284362792969,143.0513916015625
380.6074523925781,139.28953552246094
366.9657897949219,135.2724151611328
353.323974609375,131.07293701171875
336.2718200683594,126.41069030761719
319.2195129394531,121.41788482666016
302.1673889160156,116.18898010253906
285.1150817871094,110.79141235351562
271.4732971191406,105.60590362548828
251.0106658935547,99.90682220458984
230.5480194091797,93.84090423583984
210.08538818359375,87.5129623413086
189.6227569580078,80.99784851074219
0.0,74.34905242919922
0.0,67.93728637695312
0.0,62.02735900878906
0.0,55.810821533203125
0.0,49.707820892333984
0.0,43.685916900634766
0.0,38.0544548034668
0.0,33.03440856933594
0.0,28.451086044311523
0.0,23.5146541595459
0.0,18.658527374267578
0.0,13.859777450561523
0.0,9.434525489807129
0.0,5.608572483062744
0.0,1.8781758546829224
0.0,0.0
309.53497314453125,113.83312225341797
302.7139892578125,110.82459259033203
295.8931579589844,108.0105972290039
289.07232666015625,105.33555603027344
289.07232666015625,103.42481231689453
289.07232666015625,102.05999755859375
285.66180419921875,100.75259399414062
285.66180419921875,99.81874084472656
278.84100341796875,98.48665618896484
272.02001953125,96.87010955810547
268.6095275878906,95.38290405273438
265.1991882324219,93.98809814453125
254.96786499023438,91.9942398071289
244.73655700683594,89.57247924804688
237.91558837890625,87.1775894165039
231.09475708007812,84.80191040039062
227.68426513671875,82.77246856689453
224.27392578125,80.99034881591797
220.86343383789062,79.38488006591797
214.04246520996094,77.57305908203125
200.40081787109375,74.94881439208984
196.9903106689453,72.7418212890625
0.0,69.83529663085938
0.0,67.09416198730469
0.0,64.80368041992188
0.0,62.5025749206543
0.0,60.52640151977539
0.0,58.782318115234375
0.0,56.538970947265625
0.0,54.27153778076172
489.8236083984375,51.65436935424805
483.0027770996094,171.1642608642578
472.77130126953125,168.35633850097656
469.3609619140625,166.01817321777344
459.129638671875,163.35049438476562
455.71917724609375,161.1124725341797
452.30865478515625,159.1813507080078
445.4878234863281,157.13693237304688
435.25653076171875,154.67906188964844
428.4356994628906,152.25840759277344
418.2042541503906,149.53176879882812
411.3834228515625,146.91912841796875
404.56256103515625,144.38790893554688
397.7416076660156,141.9148406982422
390.9207763671875,139.4833221435547
380.6894836425781,136.7489471435547
373.86865234375,134.13076782226562
363.6371765136719,131.2630615234375
356.81634521484375,128.54965209960938
349.99554443359375,125.94646453857422
343.174560546875,123.42198181152344
339.76422119140625,121.28627014160156
336.3537292480469,119.42823028564453
329.53289794921875,117.4360122680664
322.7119445800781,115.34793853759766
315.89111328125,113.19142150878906
305.6597900390625,110.65347290039062
298.83880615234375,108.17559051513672
288.6075134277344,105.40811157226562
278.3761901855469,102.43376159667969
268.1448974609375,99.31165313720703
257.91357421875,96.08399963378906
251.09275817871094,93.11348724365234
240.8614501953125,89.99412536621094
234.0404815673828,87.10094451904297
593.9955444335938,208.70294189453125
587.174560546875,206.3242645263672
580.3536987304688,203.9601593017578
570.1224365234375,201.27394104003906
559.89111328125,198.35765075683594
553.0701293945312,195.60951232910156
546.249267578125,192.9815216064453
539.428466796875,190.4393310546875
529.197021484375,187.6259002685547
512.1448974609375,183.9536895751953
491.6822814941406,179.33554077148438
467.8091735839844,173.7091827392578
450.75701904296875,168.02772521972656
437.115234375,162.6394500732422
416.6526184082031,156.7955322265625
396.1900329589844,150.62615966796875
372.3169250488281,143.89178466796875
355.2646484375,137.4188995361328
341.62298583984375,131.46530151367188
331.3916931152344,126.21517181396484
314.33941650390625,120.80244445800781
304.10809326171875,115.93863677978516
290.46630859375,111.13438415527344
273.4141845703125,106.0401611328125
259.77239990234375,101.07131958007812
246.1306915283203,96.19206237792969
232.48890686035156,91.37677001953125
222.25759887695312,86.93970489501953
208.61581420898438,82.44026184082031
198.38450622558594,78.22880554199219
191.56369018554688,74.55558013916016
